상세보기 페이지 URL,상품 ID,상세보기 innerHtml URL, 썸네일 URL,브랜드명,상품명,가격
https://www.lotteon.com/p/product/LO1375212826?sitmNo=LO1375212826_1375212827&mall_no=1&dp_infw_cd=CASec10200001,LO1375212826,https://red.lotteon.com/goodsdetail?view=type1-raw&model=itemdetail%2FLO%2F13%2F75%2F21%2F28%2F26%2FDSCRP_LO1375212826,https://contents.lotteon.com/itemimage/LO/13/75/21/28/26/_1/37/52/12/82/7/LO1375212826_1375212827_1.jpg/dims/resizemc/360x360,타미힐피거,"[온세상쿠폰][온세상 쿠폰가 : 35,910원] 기모 맨투맨 5종 택1","39,900원"
https://www.lotteon.com/p/product/LO1344342884?sitmNo=LO1344342884_1344342885&mall_no=1&dp_infw_cd=CASec10200001,LO1344342884,https://red.lotteon.com/goodsdetail?view=type1-raw&model=itemdetail%2FLO%2F13%2F44%2F34%2F28%2F84%2FDSCRP_LO1344342884,https://contents.lotteon.com/itemimage/LO/13/44/34/28/84/_1/34/43/42/88/5/LO1344342884_1344342885_1.jpg/dims/resizemc/360x360,헤지스,[19FW]WHTS9D431B5 블루 퍼피자수 면혼방 긴팔폴로티셔츠,"82,320원"
https://www.lotteon.com/p/product/LO1047913134?sitmNo=LO1047913134_1047913135&mall_no=1&dp_infw_cd=CASec10200001,LO1047913134,https://red.lotteon.com/goodsdetail?view=type1-raw&model=itemdetail%2FLO%2F10%2F47%2F91%2F31%2F34%2FDSCRP_LO1047913134,https://contents.lotteon.com/itemimage/LO/10/47/91/31/34/_1/04/79/13/13/5/LO1047913134_1047913135_1.jpg/dims/resizemc/360x360,몽블랑,"[온세상쿠폰][최종혜택가 133,300원][쇼핑백증정] 사피아노 리버서블 벨트 113834","159,250원"
https://www.lotteon.com/p/product/LO1000937900?sitmNo=LO1000937900_1000937902&mall_no=1&dp_infw_cd=CASec10200001,LO1000937900,https://red.lotteon.com/goodsdetail?view=type1-raw&model=itemdetail%2FLO%2F10%2F00%2F93%2F79%2F00%2FDSCRP_LO1000937900,https://contents.lotteon.com/itemimage/LO/10/00/93/79/00/_1/00/09/37/90/2/LO1000937900_1000937902_1.jpg/dims/resizemc/360x360,지오다노,[] 243801 코튼 져지 크루넥 3pcs 패키지,"14,850원"
https://www.lotteon.com/p/product/LO1001416261?sitmNo=LO1001416261_1001416263&mall_no=1&dp_infw_cd=CASec10200001,LO1001416261,https://red.lotteon.com/goodsdetail?view=type1-raw&model=itemdetail%2FLO%2F10%2F01%2F41%2F62%2F61%2FDSCRP_LO1001416261,https://contents.lotteon.com/itemimage/LO/10/01/41/62/61/_1/00/14/16/26/3/LO1001416261_1001416263_1.jpg/dims/resizemc/360x360,칼하트,"[온세상쿠폰]Carhartt 써멀후드집업 100632, 104078外 4종","101,560원"
https://www.lotteon.com/p/product/LO1344381740?sitmNo=LO1344381740_1344381741&mall_no=1&dp_infw_cd=CASec10200001,LO1344381740,https://red.lotteon.com/goodsdetail?view=type1-raw&model=itemdetail%2FLO%2F13%2F44%2F38%2F17%2F40%2FDSCRP_LO1344381740,https://contents.lotteon.com/itemimage/LO/13/44/38/17/40/_1/34/43/81/74/1/LO1344381740_1344381741_1.jpg/dims/resizemc/360x360,헤지스,[19FW]WHTS9D431D2 와인 퍼피자수 면혼방 긴팔폴로티셔츠,"82,320원"
https://www.lotteon.com/p/product/LO1275412451?sitmNo=LO1275412451_1275412452&mall_no=1&dp_infw_cd=CASec10200001,LO1275412451,https://red.lotteon.com/goodsdetail?view=type1-raw&model=itemdetail%2FLO%2F12%2F75%2F41%2F24%2F51%2FDSCRP_LO1275412451,https://contents.lotteon.com/itemimage/LO/12/75/41/24/51/_1/27/54/12/45/2/LO1275412451_1275412452_1.jpg/dims/resizemc/360x360,헤지스,[19FW]WHTS9D021BK 블랙 컬러블록 면혼방 긴팔티셔츠,"74,930원"
https://www.lotteon.com/p/product/LO1306574555?sitmNo=LO1306574555_1306574556&mall_no=1&dp_infw_cd=CASec10200001,LO1306574555,https://red.lotteon.com/goodsdetail?view=type1-raw&model=itemdetail%2FLO%2F13%2F06%2F57%2F45%2F55%2FDSCRP_LO1306574555,https://contents.lotteon.com/itemimage/LO/13/06/57/45/55/_1/30/65/74/55/6/LO1306574555_1306574556_1.jpg/dims/resizemc/360x360,타미힐피거,[온세상쿠폰]남녀공용 F/W 크루넥 맨투맨,"35,190원"
https://www.lotteon.com/p/product/LO1300978510?sitmNo=LO1300978510_1300978511&mall_no=1&dp_infw_cd=CASec10200001,LO1300978510,https://red.lotteon.com/goodsdetail?view=type1-raw&model=itemdetail%2FLO%2F13%2F00%2F97%2F85%2F10%2FDSCRP_LO1300978510,https://contents.lotteon.com/itemimage/LO/13/00/97/85/10/_1/30/09/78/51/1/LO1300978510_1300978511_1.jpg/dims/resizemc/360x360,헤지스,[19FW]WHTS9D345N2 네이비 컬러블록 면 긴팔티셔츠,"69,540원"
https://www.lotteon.com/p/product/LO1344381788?sitmNo=LO1344381788_1344381790&mall_no=1&dp_infw_cd=CASec10200001,LO1344381788,https://red.lotteon.com/goodsdetail?view=type1-raw&model=itemdetail%2FLO%2F13%2F44%2F38%2F17%2F88%2FDSCRP_LO1344381788,https://contents.lotteon.com/itemimage/LO/13/44/38/17/88/_1/34/43/81/79/0/LO1344381788_1344381790_1.jpg/dims/resizemc/360x360,헤지스,[19FW]WHTS9D431CG 차콜그레이 퍼피자수 면혼방 긴팔폴로티셔츠,"82,320원"
https://www.lotteon.com/p/product/LO1385210161?sitmNo=LO1385210161_1385210163&mall_no=1&dp_infw_cd=CASec10200001,LO1385210161,https://red.lotteon.com/goodsdetail?view=type1-raw&model=itemdetail%2FLO%2F13%2F85%2F21%2F01%2F61%2FDSCRP_LO1385210161,https://contents.lotteon.com/itemimage/LO/13/85/21/01/61/_1/38/52/10/16/3/LO1385210161_1385210163_1.jpg/dims/resizemc/360x360,지오다노,[온세상쿠폰]243801 코튼 져지 크루넥 3pcs 패키지,"16,830원"
https://www.lotteon.com/p/product/LO1298872034?sitmNo=LO1298872034_1298872036&mall_no=1&dp_infw_cd=CASec10200001,LO1298872034,https://red.lotteon.com/goodsdetail?view=type1-raw&model=itemdetail%2FLO%2F12%2F98%2F87%2F20%2F34%2FDSCRP_LO1298872034,https://contents.lotteon.com/itemimage/LO/12/98/87/20/34/_1/29/88/72/03/6/LO1298872034_1298872036_1.jpg/dims/resizemc/360x360,마운틴 벨리,[1+1] 마운틴벨리 남성 간절기 기본 신사바지/트레이닝 팬츠 택1,"29,290원"
https://www.lotteon.com/p/product/LO1360026465?sitmNo=LO1360026465_1360026470&mall_no=1&dp_infw_cd=CASec10200001,LO1360026465,https://red.lotteon.com/goodsdetail?view=type1-raw&model=itemdetail%2FLO%2F13%2F60%2F02%2F64%2F65%2FDSCRP_LO1360026465,https://contents.lotteon.com/itemimage/LO/13/60/02/64/65/_1/36/00/26/47/0/LO1360026465_1360026470_1.jpg/dims/resizemc/360x360,스파오,[온세상쿠폰]덤블 후드 집업 SPJAA4TC21,"56,310원"
https://www.lotteon.com/p/product/LO1366594598?sitmNo=LO1366594598_1366594599&mall_no=1&dp_infw_cd=CASec10200001,LO1366594598,https://red.lotteon.com/goodsdetail?view=type1-raw&model=itemdetail%2FLO%2F13%2F66%2F59%2F45%2F98%2FDSCRP_LO1366594598,https://contents.lotteon.com/itemimage/LO/13/66/59/45/98/_1/36/65/94/59/9/LO1366594598_1366594599_1.jpg/dims/resizemc/360x360,페르지노몬티,[온세상쿠폰] 남자 BEST 슬랙스 모음전(FMPJ_07),"11,520원"
https://www.lotteon.com/p/product/LO1299140049?sitmNo=LO1299140049_1299140050&mall_no=1&dp_infw_cd=CASec10200001,LO1299140049,https://red.lotteon.com/goodsdetail?view=type1-raw&model=itemdetail%2FLO%2F12%2F99%2F14%2F00%2F49%2FDSCRP_LO1299140049,https://contents.lotteon.com/itemimage/LO/12/99/14/00/49/_1/29/91/40/05/0/LO1299140049_1299140050_1.jpg/dims/resizemc/360x360,르젠옴므,르젠 베이직 잔스트라이프 오버핏 셔츠(LNSH1790HS),"12,420원"
https://www.lotteon.com/p/product/LO1349981300?sitmNo=LO1349981300_1349981301&mall_no=1&dp_infw_cd=CASec10200001,LO1349981300,https://red.lotteon.com/goodsdetail?view=type1-raw&model=itemdetail%2FLO%2F13%2F49%2F98%2F13%2F00%2FDSCRP_LO1349981300,https://contents.lotteon.com/itemimage/_v194451/LO/13/49/98/13/00/_1/34/99/81/30/1/LO1349981300_1349981301_2.jpg/dims/resizemc/360x360,,[온세상쿠폰]TS 테리 쮸리 후드집업,"19,900원"
https://www.lotteon.com/p/product/LO1378090143?sitmNo=LO1378090143_1378090144&mall_no=1&dp_infw_cd=CASec10200001,LO1378090143,https://red.lotteon.com/goodsdetail?view=type1-raw&model=itemdetail%2FLO%2F13%2F78%2F09%2F01%2F43%2FDSCRP_LO1378090143,https://contents.lotteon.com/itemimage/LO/13/78/09/01/43/_1/37/80/90/14/4/LO1378090143_1378090144_1.jpg/dims/resizemc/360x360,바쏘옴므,[온세상쿠폰]균일가 트렌치코트 3종 택1,"139,920원"
https://www.lotteon.com/p/product/LO1367689182?sitmNo=LO1367689182_1367689183&mall_no=1&dp_infw_cd=CASec10200001,LO1367689182,https://red.lotteon.com/goodsdetail?view=type1-raw&model=itemdetail%2FLO%2F13%2F67%2F68%2F91%2F82%2FDSCRP_LO1367689182,https://contents.lotteon.com/itemimage/LO/13/67/68/91/82/_1/36/76/89/18/3/LO1367689182_1367689183_1.jpg/dims/resizemc/360x360,르젠옴므,르젠 트랜드 남성 면바지 슬랙스 모음전 택1,"14,220원"
https://www.lotteon.com/p/product/LO1235799153?sitmNo=LO1235799153_1235799155&mall_no=1&dp_infw_cd=CASec10200001,LO1235799153,https://red.lotteon.com/goodsdetail?view=type1-raw&model=itemdetail%2FLO%2F12%2F35%2F79%2F91%2F53%2FDSCRP_LO1235799153,https://contents.lotteon.com/itemimage/LO/12/35/79/91/53/_1/23/57/99/15/5/LO1235799153_1235799155_1.jpg/dims/resizemc/360x360,,[온세상쿠폰]FI 시그니처 2단 쭈리 맨투맨,"20,900원"
https://www.lotteon.com/p/product/LO1315624372?sitmNo=LO1315624372_1315624373&mall_no=1&dp_infw_cd=CASec10200001,LO1315624372,https://red.lotteon.com/goodsdetail?view=type1-raw&model=itemdetail%2FLO%2F13%2F15%2F62%2F43%2F72%2FDSCRP_LO1315624372,https://contents.lotteon.com/itemimage/_v105208/LO/13/15/62/43/72/_1/31/56/24/37/3/LO1315624372_1315624373_1.jpg/dims/resizemc/360x360,라코스테라이브,남성 솔리드 크루넥 스웨터 AH1220-20C_5VU,"179,550원"
https://www.lotteon.com/p/product/LO1349895859?sitmNo=LO1349895859_1349895860&mall_no=1&dp_infw_cd=CASec10200001,LO1349895859,https://red.lotteon.com/goodsdetail?view=type1-raw&model=itemdetail%2FLO%2F13%2F49%2F89%2F58%2F59%2FDSCRP_LO1349895859,https://contents.lotteon.com/itemimage/LO/13/49/89/58/59/_1/34/98/95/86/0/LO1349895859_1349895860_1.jpg/dims/resizemc/360x360,지오투,기하학 라인 울니트 베스트_AXWAW19433GYX,"37,050원"
https://www.lotteon.com/p/product/LE1202599726?sitmNo=LE1202599726_1213440540&mall_no=1&dp_infw_cd=CASec10200001,LE1202599726,https://red.lotteon.com/goodsdetail?view=type1-raw&model=itemdetail%2FLE%2F12%2F02%2F59%2F97%2F26%2FDSCRP_LE1202599726,https://contents.lotteon.com/itemimage/_v044249/LE/12/02/59/97/26/_1/21/34/40/54/0/LE1202599726_1213440540_1.jpg/dims/resizemc/360x360,앤듀,여성 구스 롱 다운 점퍼 O184DW010P,"59,000원"
https://www.lotteon.com/p/product/LO1391802115?sitmNo=LO1391802115_1391802116&mall_no=1&dp_infw_cd=CASec10200001,LO1391802115,https://red.lotteon.com/goodsdetail?view=type1-raw&model=itemdetail%2FLO%2F13%2F91%2F80%2F21%2F15%2FDSCRP_LO1391802115,https://contents.lotteon.com/itemimage/LO/13/91/80/21/15/_1/39/18/02/11/6/LO1391802115_1391802116_1.jpg/dims/resizemc/360x360,에스티듀퐁,[온세상쿠폰][듀퐁] 남성 정장셔츠 25종 단 하루 특가,"36,260원"
https://www.lotteon.com/p/product/LO1349897834?sitmNo=LO1349897834_1349897835&mall_no=1&dp_infw_cd=CASec10200001,LO1349897834,https://red.lotteon.com/goodsdetail?view=type1-raw&model=itemdetail%2FLO%2F13%2F49%2F89%2F78%2F34%2FDSCRP_LO1349897834,https://contents.lotteon.com/itemimage/LO/13/49/89/78/34/_1/34/98/97/83/5/LO1349897834_1349897835_1.jpg/dims/resizemc/360x360,지오투,페어아일 울혼방 베스트_AXWAW19433NYX,"37,050원"
https://www.lotteon.com/p/product/LO1350014248?sitmNo=LO1350014248_1350014249&mall_no=1&dp_infw_cd=CASec10200001,LO1350014248,https://red.lotteon.com/goodsdetail?view=type1-raw&model=itemdetail%2FLO%2F13%2F50%2F01%2F42%2F48%2FDSCRP_LO1350014248,https://contents.lotteon.com/itemimage/LO/13/50/01/42/48/_1/35/00/14/24/9/LO1350014248_1350014249_1.jpg/dims/resizemc/360x360,지오투,올오버 하운드투스 티셔츠_AXTAW19311NYX,"37,050원"
https://www.lotteon.com/p/product/LO1350000546?sitmNo=LO1350000546_1350000547&mall_no=1&dp_infw_cd=CASec10200001,LO1350000546,https://red.lotteon.com/goodsdetail?view=type1-raw&model=itemdetail%2FLO%2F13%2F50%2F00%2F05%2F46%2FDSCRP_LO1350000546,https://contents.lotteon.com/itemimage/LO/13/50/00/05/46/_1/35/00/00/54/7/LO1350000546_1350000547_1.jpg/dims/resizemc/360x360,지오투,올오버 하운드투스 티셔츠_AXTAW19311GYD,"37,050원"
https://www.lotteon.com/p/product/PD4498813?mall_no=1&dp_infw_cd=CASec10200001,LO1276578697,http://red.lotteon.com/goodsdetail?view=type1-raw&model=itemdetail%2FLO%2F12%2F76%2F57%2F86%2F97%2FDSCRP_LO1276578697,https://contents.lotteon.com/itemimage/LO/12/76/57/86/97/_1/27/65/78/69/8/LO1276578697_1276578698_1.jpg/dims/resizemc/360x360,루시앙,[온세상쿠폰] 19FW 남성 하운드투스 기모셔츠 3종 택1,"14,900원"
https://www.lotteon.com/p/product/LE1205966987?sitmNo=LE1205966987_1232702991&mall_no=1&dp_infw_cd=CASec10200001,LE1205966987,https://red.lotteon.com/goodsdetail?view=type1-raw&model=itemdetail%2FLE%2F12%2F05%2F96%2F69%2F87%2FDSCRP_LE1205966987,https://contents.lotteon.com/itemimage/LE/12/05/96/69/87/_1/23/27/02/99/1/LE1205966987_1232702991_1.jpg/dims/resizemc/360x360,폴햄,공용_오버핏 체크셔츠형 보아점퍼(PHZ4JP3043),"12,400원"
https://www.lotteon.com/p/product/LO1274458072?sitmNo=LO1274458072_1274458073&mall_no=1&dp_infw_cd=CASec10200001,LO1274458072,https://red.lotteon.com/goodsdetail?view=type1-raw&model=itemdetail%2FLO%2F12%2F74%2F45%2F80%2F72%2FDSCRP_LO1274458072,https://contents.lotteon.com/itemimage/LO/12/74/45/80/72/_1/27/44/58/07/3/LO1274458072_1274458073_1.jpg/dims/resizemc/360x360,시리즈,[series] 라운드 다잉 티셔츠_SATAA20001GYL,"139,000원"
https://www.lotteon.com/p/product/LO1328055753?sitmNo=LO1328055753_1328055754&mall_no=1&dp_infw_cd=CASec10200001,LO1328055753,https://red.lotteon.com/goodsdetail?view=type1-raw&model=itemdetail%2FLO%2F13%2F28%2F05%2F57%2F53%2FDSCRP_LO1328055753,https://contents.lotteon.com/itemimage/LO/13/28/05/57/53/_1/32/80/55/75/4/LO1328055753_1328055754_1.jpg/dims/resizemc/360x360,시리즈,[series] 반하이넥 슬럽 티셔츠_SATAW20201IVX,"139,000원"
https://www.lotteon.com/p/product/LO1337524533?sitmNo=LO1337524533_1337524534&mall_no=1&dp_infw_cd=CASec10200001,LO1337524533,https://red.lotteon.com/goodsdetail?view=type1-raw&model=itemdetail%2FLO%2F13%2F37%2F52%2F45%2F33%2FDSCRP_LO1337524533,https://contents.lotteon.com/itemimage/LO/13/37/52/45/33/_1/33/75/24/53/4/LO1337524533_1337524534_1.jpg/dims/resizemc/360x360,타미힐피거,스트레치 슬림핏 플래그 티셔츠 T12A6TPO050MT5 2종택 1,"70,200원"
https://www.lotteon.com/p/product/LO1374981564?sitmNo=LO1374981564_1374981565&mall_no=1&dp_infw_cd=CASec10200001,LO1374981564,https://red.lotteon.com/goodsdetail?view=type1-raw&model=itemdetail%2FLO%2F13%2F74%2F98%2F15%2F64%2FDSCRP_LO1374981564,https://contents.lotteon.com/itemimage/LO/13/74/98/15/64/_1/37/49/81/56/5/LO1374981564_1374981565_1.jpg/dims/resizemc/360x360,페르지노몬티,[온세상쿠폰] 슬림핏 빅사이즈 컬러풀 옥스포드 셔츠 FMSH3065ME,"16,020원"
https://www.lotteon.com/p/product/LO1328165801?sitmNo=LO1328165801_1328165802&mall_no=1&dp_infw_cd=CASec10200001,LO1328165801,https://red.lotteon.com/goodsdetail?view=type1-raw&model=itemdetail%2FLO%2F13%2F28%2F16%2F58%2F01%2FDSCRP_LO1328165801,https://contents.lotteon.com/itemimage/LO/13/28/16/58/01/_1/32/81/65/80/2/LO1328165801_1328165802_1.jpg/dims/resizemc/360x360,프랑코페라로,[온세상쿠폰][] 남성 셔츠 레이어드 스웨터 딥핑크 (ASX230274),"38,770원"
https://www.lotteon.com/p/product/LO1215119857?sitmNo=LO1215119857_1215119858&mall_no=1&dp_infw_cd=CASec10200001,LO1215119857,https://red.lotteon.com/goodsdetail?view=type1-raw&model=itemdetail%2FLO%2F12%2F15%2F11%2F98%2F57%2FDSCRP_LO1215119857,https://contents.lotteon.com/itemimage/_v163007/LO/12/15/11/98/57/_1/21/51/19/85/8/LO1215119857_1215119858_1.png/dims/resizemc/360x360,타미진,[온세상쿠폰][남성] 코튼 와이드핏 솔리드 밴딩 팬츠 T32A6WPC045MT1 BDS,"80,640원"
https://www.lotteon.com/p/product/LE1205589896?sitmNo=LE1205589896_1230626378&mall_no=1&dp_infw_cd=CASec10200001,LE1205589896,https://red.lotteon.com/goodsdetail?view=type1-raw&model=itemdetail%2FLE%2F12%2F05%2F58%2F98%2F96%2FDSCRP_LE1205589896,https://contents.lotteon.com/itemimage/_v063509/LE/12/05/58/98/96/_1/23/06/26/37/8/LE1205589896_1230626378_1.jpg/dims/resizemc/360x360,라코스테,남성 베이직 방모 Y-넥 가디건 AH250E-20C_6컬러,"265,050원"
https://www.lotteon.com/p/product/LE1203501138?sitmNo=LE1203501138_1218304264&mall_no=1&dp_infw_cd=CASec10200001,LE1203501138,https://red.lotteon.com/goodsdetail?view=type1-raw&model=itemdetail%2FLE%2F12%2F03%2F50%2F11%2F38%2FDSCRP_LE1203501138,https://contents.lotteon.com/itemimage/_v000653/LE/12/03/50/11/38/_1/21/83/04/26/4/LE1203501138_1218304264_1.jpg/dims/resizemc/360x360,폴햄,남성용 슬림핏 코튼 스판 치노팬츠 (PHA1PP1012),"22,730원"
https://www.lotteon.com/p/product/LO1337013692?sitmNo=LO1337013692_1337013693&mall_no=1&dp_infw_cd=CASec10200001,LO1337013692,https://red.lotteon.com/goodsdetail?view=type1-raw&model=itemdetail%2FLO%2F13%2F37%2F01%2F36%2F92%2FDSCRP_LO1337013692,https://contents.lotteon.com/itemimage/_v145100/LO/13/37/01/36/92/_1/33/70/13/69/3/LO1337013692_1337013693_1.jpg/dims/resizemc/360x360,라코스테,"[온세상 쿠폰가 : 55,410원] 안감 기모 맨투맨 SH7613","69,260원"
https://www.lotteon.com/p/product/LE1203348105?sitmNo=LE1203348105_1217505941&mall_no=1&dp_infw_cd=CASec10200001,LE1203348105,https://red.lotteon.com/goodsdetail?view=type1-raw&model=itemdetail%2FLE%2F12%2F03%2F34%2F81%2F05%2FDSCRP_LE1203348105,https://contents.lotteon.com/itemimage/_v005925/LE/12/03/34/81/05/_1/21/75/05/94/1/LE1203348105_1217505941_1.jpg/dims/resizemc/360x360,지오다노,남 크루넥 티셔츠 020501,"7,700원"
https://www.lotteon.com/p/product/LE1205490727?sitmNo=LE1205490727_1230073836&mall_no=1&dp_infw_cd=CASec10200001,LE1205490727,https://red.lotteon.com/goodsdetail?view=type1-raw&model=itemdetail%2FLE%2F12%2F05%2F49%2F07%2F27%2FDSCRP_LE1205490727,https://contents.lotteon.com/itemimage/_v021641/LE/12/05/49/07/27/_1/23/00/73/83/6/LE1205490727_1230073836_1.jpg/dims/resizemc/360x360,지오다노,남 테이퍼드 슬랙스 110511,"31,450원"
https://www.lotteon.com/p/product/LE1203490655?sitmNo=LE1203490655_1218252351&mall_no=1&dp_infw_cd=CASec10200001,LE1203490655,https://red.lotteon.com/goodsdetail?view=type1-raw&model=itemdetail%2FLE%2F12%2F03%2F49%2F06%2F55%2FDSCRP_LE1203490655,https://contents.lotteon.com/itemimage/_v014553/LE/12/03/49/06/55/_1/21/82/52/35/1/LE1203490655_1218252351_1.jpg/dims/resizemc/360x360,폴햄,공용_사계절 긴팔 라운드 티셔츠(PHA5TR3930),"7,530원"
https://www.lotteon.com/p/product/LE1205414317?sitmNo=LE1205414317_1229626270&mall_no=1&dp_infw_cd=CASec10200001,LE1205414317,https://red.lotteon.com/goodsdetail?view=type1-raw&model=itemdetail%2FLE%2F12%2F05%2F41%2F43%2F17%2FDSCRP_LE1205414317,https://contents.lotteon.com/itemimage/_v015611/LE/12/05/41/43/17/_1/22/96/26/27/0/LE1205414317_1229626270_1.jpg/dims/resizemc/360x360,올젠,하이넥 패딩 코트ZPA3CP1501,"60,800원"
https://www.lotteon.com/p/product/LO1344368843?sitmNo=LO1344368843_1344368844&mall_no=1&dp_infw_cd=CASec10200001,LO1344368843,https://red.lotteon.com/goodsdetail?view=type1-raw&model=itemdetail%2FLO%2F13%2F44%2F36%2F88%2F43%2FDSCRP_LO1344368843,https://contents.lotteon.com/itemimage/LO/13/44/36/88/43/_1/34/43/68/84/4/LO1344368843_1344368844_1.jpg/dims/resizemc/360x360,타미힐피거,[온세상쿠폰]라운드넥 코튼 니트,"44,990원"
https://www.lotteon.com/p/product/LO1319926916?sitmNo=LO1319926916_1319926918&mall_no=1&dp_infw_cd=CASec10200001,LO1319926916,https://red.lotteon.com/goodsdetail?view=type1-raw&model=itemdetail%2FLO%2F13%2F19%2F92%2F69%2F16%2FDSCRP_LO1319926916,https://contents.lotteon.com/itemimage/LO/13/19/92/69/16/_1/31/99/26/91/8/LO1319926916_1319926918_1.jpg/dims/resizemc/360x360,타미힐피거,[온세상쿠폰]남녀공용 스몰로고 베이직 맨투맨,"35,190원"
https://www.lotteon.com/p/product/LE1204487222?sitmNo=LE1204487222_1224219716&mall_no=1&dp_infw_cd=CASec10200001,LE1204487222,https://red.lotteon.com/goodsdetail?view=type1-raw&model=itemdetail%2FLE%2F12%2F04%2F48%2F72%2F22%2FDSCRP_LE1204487222,https://contents.lotteon.com/itemimage/_v100601/LE/12/04/48/72/22/_1/22/42/19/71/6/LE1204487222_1224219716_1.jpg/dims/resizemc/360x360,레노마,2020  F/W 긴소매 가을 데일리셔츠 슬림&일반핏 32종,"26,600원"
https://www.lotteon.com/p/product/PD4486858?mall_no=1&dp_infw_cd=CASec10200001,LE1205392617,http://red.lotteon.com/goodsdetail?view=type1-raw&model=itemdetail%2FLE%2F12%2F05%2F39%2F26%2F17%2FDSCRP_LE1205392617,https://contents.lotteon.com/itemimage/_v065151/LE/12/05/39/26/17/_1/22/94/98/77/8/LE1205392617_1229498778_1.jpg/dims/resizemc/360x360,올젠,우븐카라 티셔츠 ZOZ4TT1303-YS,"30,030원"
https://www.lotteon.com/p/product/LE1203975515?sitmNo=LE1203975515_1221056374&mall_no=1&dp_infw_cd=CASec10200001,LE1203975515,https://red.lotteon.com/goodsdetail?view=type1-raw&model=itemdetail%2FLE%2F12%2F03%2F97%2F55%2F15%2FDSCRP_LE1203975515,https://contents.lotteon.com/itemimage/_v040637/LE/12/03/97/55/15/_1/22/10/56/37/4/LE1203975515_1221056374_1.jpg/dims/resizemc/360x360,카운테스마라,20년가을(일반핏/슬림핏)구김없는 모달&스판소재 신상드레스셔츠15종,"29,640원"
https://www.lotteon.com/p/product/LE1205609903?sitmNo=LE1205609903_1230743731&mall_no=1&dp_infw_cd=CASec10200001,LE1205609903,https://red.lotteon.com/goodsdetail?view=type1-raw&model=itemdetail%2FLE%2F12%2F05%2F60%2F99%2F03%2FDSCRP_LE1205609903,https://contents.lotteon.com/itemimage/LE/12/05/60/99/03/_1/23/07/43/73/1/LE1205609903_1230743731_1.jpg/dims/resizemc/360x360,지오다노,남 크루넥 긴팔 면티 020501,"7,500원"
https://www.lotteon.com/p/product/LE1204656600?sitmNo=LE1204656600_1225192863&mall_no=1&dp_infw_cd=CASec10200001,LE1204656600,https://red.lotteon.com/goodsdetail?view=type1-raw&model=itemdetail%2FLE%2F12%2F04%2F65%2F66%2F00%2FDSCRP_LE1204656600,https://contents.lotteon.com/itemimage/_v025545/LE/12/04/65/66/00/_1/22/51/92/86/3/LE1204656600_1225192863_1.jpg/dims/resizemc/360x360,까르뜨블랑슈,순면 긴팔 카라티셔츠 S0KLL1.2,"24,090원"
https://www.lotteon.com/p/product/LO1357685018?sitmNo=LO1357685018_1357685019&mall_no=1&dp_infw_cd=CASec10200001,LO1357685018,https://red.lotteon.com/goodsdetail?view=type1-raw&model=itemdetail%2FLO%2F13%2F57%2F68%2F50%2F18%2FDSCRP_LO1357685018,https://contents.lotteon.com/itemimage/_v172724/LO/13/57/68/50/18/_1/35/76/85/01/9/LO1357685018_1357685019_1.jpg/dims/resizemc/360x360,라코스테,[온세상쿠폰]긴팔 폴로티셔츠,"53,810원"
https://www.lotteon.com/p/product/LE1205522735?sitmNo=LE1205522735_1230252521&mall_no=1&dp_infw_cd=CASec10200001,LE1205522735,https://red.lotteon.com/goodsdetail?view=type1-raw&model=itemdetail%2FLE%2F12%2F05%2F52%2F27%2F35%2FDSCRP_LE1205522735,https://contents.lotteon.com/itemimage/_v023548/LE/12/05/52/27/35/_1/23/02/52/52/1/LE1205522735_1230252521_1.jpg/dims/resizemc/360x360,휠라,크레마 보아 플리스 자켓(FS2PLC4101X),"47,200원"
https://www.lotteon.com/p/product/LE1205760077?sitmNo=LE1205760077_1231599299&mall_no=1&dp_infw_cd=CASec10200001,LE1205760077,https://red.lotteon.com/goodsdetail?view=type1-raw&model=itemdetail%2FLE%2F12%2F05%2F76%2F00%2F77%2FDSCRP_LE1205760077,https://contents.lotteon.com/itemimage/_v024235/LE/12/05/76/00/77/_1/23/15/99/29/9/LE1205760077_1231599299_1.jpg/dims/resizemc/360x360,노스페이스화이트라벨,공용 리모 플리스 후드 자켓 NJ4FL53,"116,610원"
https://www.lotteon.com/p/product/LI1601027844?sitmNo=LI1601027844_1&mall_no=1&dp_infw_cd=CASec10200001,LI1601027844,https://red.lotteon.com/goodsdetail?view=type1-raw&model=itemdetail%2FLI%2F16%2F01%2F02%2F78%2F44%2FDSCRP_LI1601027844,https://contents.lotteon.com/itemimage/LI/16/01/02/78/44/_1/LI1601027844_1_1.jpg/dims/resizemc/360x360,나이키,[] 남녀공용 프렌치테리 크루넥 맨투맨 (SW),"35,900원"
https://www.lotteon.com/p/product/PD765859?mall_no=1&dp_infw_cd=CASec10200001,LO1000936237,http://red.lotteon.com/goodsdetail?view=type1-raw&model=itemdetail%2FLO%2F10%2F00%2F93%2F62%2F37%2FDSCRP_LO1000936237,https://contents.lotteon.com/itemimage/LO/10/00/93/62/37/_1/00/09/36/24/2/LO1000936237_1000936242_1.jpg/dims/resizemc/360x360,지오다노,남 리버서블 래더 벨트 134600,"14,460원"
https://www.lotteon.com/p/product/LO1344414608?sitmNo=LO1344414608_1344414609&mall_no=1&dp_infw_cd=CASec10200001,LO1344414608,https://red.lotteon.com/goodsdetail?view=type1-raw&model=itemdetail%2FLO%2F13%2F44%2F41%2F46%2F08%2FDSCRP_LO1344414608,https://contents.lotteon.com/itemimage/_v153949/LO/13/44/41/46/08/_1/34/44/14/60/9/LO1344414608_1344414609_1.jpg/dims/resizemc/360x360,타미힐피거,FW 긴팔 커스텀핏 폴로티셔츠,"44,090원"
https://www.lotteon.com/p/product/LE1205404655?sitmNo=LE1205404655_1229568420&mall_no=1&dp_infw_cd=CASec10200001,LE1205404655,https://red.lotteon.com/goodsdetail?view=type1-raw&model=itemdetail%2FLE%2F12%2F05%2F40%2F46%2F55%2FDSCRP_LE1205404655,https://contents.lotteon.com/itemimage/_v081707/LE/12/05/40/46/55/_1/22/95/68/42/0/LE1205404655_1229568420_1.jpg/dims/resizemc/360x360,올젠,면스판 트윌팬츠ZPA3PP1501,"29,640원"
https://www.lotteon.com/p/product/LE1205389413?sitmNo=LE1205389413_1229478665&mall_no=1&dp_infw_cd=CASec10200001,LE1205389413,https://red.lotteon.com/goodsdetail?view=type1-raw&model=itemdetail%2FLE%2F12%2F05%2F38%2F94%2F13%2FDSCRP_LE1205389413,https://contents.lotteon.com/itemimage/_v083209/LE/12/05/38/94/13/_1/22/94/78/66/5/LE1205389413_1229478665_1.jpg/dims/resizemc/360x360,올젠,뉴테라 구스 다운 패딩 2종 ZOZ4FP1305,"68,530원"
https://www.lotteon.com/p/product/LE1203584435?sitmNo=LE1203584435_1218724485&mall_no=1&dp_infw_cd=CASec10200001,LE1203584435,https://red.lotteon.com/goodsdetail?view=type1-raw&model=itemdetail%2FLE%2F12%2F03%2F58%2F44%2F35%2FDSCRP_LE1203584435,https://contents.lotteon.com/itemimage/_v054700/LE/12/03/58/44/35/_1/21/87/24/48/5/LE1203584435_1218724485_1.jpg/dims/resizemc/360x360,에비수,남여공용_타이거 트리코츠 트랙탑(ER1UJP702),"92,650원"
https://www.lotteon.com/p/product/LE1205579943?sitmNo=LE1205579943_1230576067&mall_no=1&dp_infw_cd=CASec10200001,LE1205579943,https://red.lotteon.com/goodsdetail?view=type1-raw&model=itemdetail%2FLE%2F12%2F05%2F57%2F99%2F43%2FDSCRP_LE1205579943,https://contents.lotteon.com/itemimage/LE/12/05/57/99/43/_1/23/05/76/06/7/LE1205579943_1230576067_1.jpg/dims/resizemc/360x360,흄,여성 다이아퀼팅 넥변형 숏 경량점퍼 FHOWCUE552,"33,110원"
https://www.lotteon.com/p/product/LE1203626236?sitmNo=LE1203626236_1218936131&mall_no=1&dp_infw_cd=CASec10200001,LE1203626236,https://red.lotteon.com/goodsdetail?view=type1-raw&model=itemdetail%2FLE%2F12%2F03%2F62%2F62%2F36%2FDSCRP_LE1203626236,https://contents.lotteon.com/itemimage/_v064603/LE/12/03/62/62/36/_1/21/89/36/13/1/LE1203626236_1218936131_1.jpg/dims/resizemc/360x360,엠엘비,공용 카툰 오버핏 맨투맨 (31MTT4841),"77,220원"
https://www.lotteon.com/p/product/LE1007968200?sitmNo=LE1007968200_1047025291&mall_no=1&dp_infw_cd=CASec10200001,LE1007968200,https://red.lotteon.com/goodsdetail?view=type1-raw&model=itemdetail%2FLE%2F10%2F07%2F96%2F82%2F00%2FDSCRP_LE1007968200,https://contents.lotteon.com/itemimage/_v043510/LE/10/07/96/82/00/_1/04/70/25/29/1/LE1007968200_1047025291_1.jpg/dims/resizemc/360x360,나이키,NSW 테크 플리스 조거 NIKE 805163-010,"82,560원"
https://www.lotteon.com/p/product/LE1205771449?sitmNo=LE1205771449_1231663777&mall_no=1&dp_infw_cd=CASec10200001,LE1205771449,https://red.lotteon.com/goodsdetail?view=type1-raw&model=itemdetail%2FLE%2F12%2F05%2F77%2F14%2F49%2FDSCRP_LE1205771449,https://contents.lotteon.com/itemimage/LE/12/05/77/14/49/_1/23/16/63/77/7/LE1205771449_1231663777_1.jpg/dims/resizemc/360x360,지오다노,남 울 블랜트 크루넥 스웨터(7GG) 050903,"23,400원"
https://www.lotteon.com/p/product/LE1205398895?sitmNo=LE1205398895_1229533611&mall_no=1&dp_infw_cd=CASec10200001,LE1205398895,https://red.lotteon.com/goodsdetail?view=type1-raw&model=itemdetail%2FLE%2F12%2F05%2F39%2F88%2F95%2FDSCRP_LE1205398895,https://contents.lotteon.com/itemimage/_v063533/LE/12/05/39/88/95/_1/22/95/33/61/1/LE1205398895_1229533611_1.jpg/dims/resizemc/360x360,올젠,베이직 컬러 하프 터틀넥(ZOZ4EU1307),"32,340원"
https://www.lotteon.com/p/product/LE1204490323?sitmNo=LE1204490323_1224238278&mall_no=1&dp_infw_cd=CASec10200001,LE1204490323,https://red.lotteon.com/goodsdetail?view=type1-raw&model=itemdetail%2FLE%2F12%2F04%2F49%2F03%2F23%2FDSCRP_LE1204490323,https://contents.lotteon.com/itemimage/_v170649/LE/12/04/49/03/23/_1/22/42/38/27/8/LE1204490323_1224238278_1.jpg/dims/resizemc/360x360,닥스,선물포장가능)2020(롯데본점) 프리미엄 기모셔츠남방 20가지,"50,400원"
https://www.lotteon.com/p/product/LE1205532655?sitmNo=LE1205532655_1230310199&mall_no=1&dp_infw_cd=CASec10200001,LE1205532655,https://red.lotteon.com/goodsdetail?view=type1-raw&model=itemdetail%2FLE%2F12%2F05%2F53%2F26%2F55%2FDSCRP_LE1205532655,https://contents.lotteon.com/itemimage/_v005941/LE/12/05/53/26/55/_1/23/03/10/19/9/LE1205532655_1230310199_1.jpg/dims/resizemc/360x360,엠폴햄,남성 브이넥 구스다운 경량 베스트 EPZ4VP1710,"14,630원"
https://www.lotteon.com/p/product/LE1205531394?sitmNo=LE1205531394_1230302775&mall_no=1&dp_infw_cd=CASec10200001,LE1205531394,https://red.lotteon.com/goodsdetail?view=type1-raw&model=itemdetail%2FLE%2F12%2F05%2F53%2F13%2F94%2FDSCRP_LE1205531394,https://contents.lotteon.com/itemimage/LE/12/05/53/13/94/_1/23/03/02/77/5/LE1205531394_1230302775_1.jpg/dims/resizemc/360x360,엠엘비,남여공용 반팔티 (31JPGD901-50U),"133,430원"
https://www.lotteon.com/p/product/LO1000828007?sitmNo=LO1000828007_1000828013&mall_no=1&dp_infw_cd=CASec10200001,LO1000828007,https://red.lotteon.com/goodsdetail?view=type1-raw&model=itemdetail%2FLO%2F10%2F00%2F82%2F80%2F07%2FDSCRP_LO1000828007,https://contents.lotteon.com/itemimage/LO/10/00/82/80/07/_1/00/08/28/01/3/LO1000828007_1000828013_1.jpg/dims/resizemc/360x360,지오다노,[] 410504 여 오드리 팬츠,"18,250원"
https://www.lotteon.com/p/product/LE1205474628?sitmNo=LE1205474628_1229969146&mall_no=1&dp_infw_cd=CASec10200001,LE1205474628,https://red.lotteon.com/goodsdetail?view=type1-raw&model=itemdetail%2FLE%2F12%2F05%2F47%2F46%2F28%2FDSCRP_LE1205474628,https://contents.lotteon.com/itemimage/_v000758/LE/12/05/47/46/28/_1/22/99/69/14/6/LE1205474628_1229969146_1.jpg/dims/resizemc/360x360,올젠,리플 솔리드 티셔츠ZPA3TT1502,"29,640원"
https://www.lotteon.com/p/product/LE1205656831?sitmNo=LE1205656831_1230991163&mall_no=1&dp_infw_cd=CASec10200001,LE1205656831,https://red.lotteon.com/goodsdetail?view=type1-raw&model=itemdetail%2FLE%2F12%2F05%2F65%2F68%2F31%2FDSCRP_LE1205656831,https://contents.lotteon.com/itemimage/_v223815/LE/12/05/65/68/31/_1/23/09/91/16/3/LE1205656831_1230991163_1.jpg/dims/resizemc/360x360,티비제이,유니 AD 맥스롱기장 후드리얼다운 점퍼 T184DW020P,"36,000원"
https://www.lotteon.com/p/product/LO1045302145?sitmNo=LO1045302145_1045302146&mall_no=1&dp_infw_cd=CASec10200001,LO1045302145,https://red.lotteon.com/goodsdetail?view=type1-raw&model=itemdetail%2FLO%2F10%2F45%2F30%2F21%2F45%2FDSCRP_LO1045302145,https://contents.lotteon.com/itemimage/LO/10/45/30/21/45/_1/04/53/02/14/6/LO1045302145_1045302146_1.jpg/dims/resizemc/360x360,지오다노,078908 브이넥 경량다운 베스트,"25,550원"
https://www.lotteon.com/p/product/LO1340056850?sitmNo=LO1340056850_1340056851&mall_no=1&dp_infw_cd=CASec10200001,LO1340056850,https://red.lotteon.com/goodsdetail?view=type1-raw&model=itemdetail%2FLO%2F13%2F40%2F05%2F68%2F50%2FDSCRP_LO1340056850,https://contents.lotteon.com/itemimage/LO/13/40/05/68/50/_1/34/00/56/85/1/LO1340056850_1340056851_1.jpg/dims/resizemc/360x360,블루포스,가을신상 맨투맨티/빅사이즈 커플티셔츠 남자옷,"10,900원"
https://www.lotteon.com/p/product/LE1205536373?sitmNo=LE1205536373_1230331734&mall_no=1&dp_infw_cd=CASec10200001,LE1205536373,https://red.lotteon.com/goodsdetail?view=type1-raw&model=itemdetail%2FLE%2F12%2F05%2F53%2F63%2F73%2FDSCRP_LE1205536373,https://contents.lotteon.com/itemimage/_v011830/LE/12/05/53/63/73/_1/23/03/31/73/4/LE1205536373_1230331734_1.jpg/dims/resizemc/360x360,엠폴햄,여성 구스다운 경량 베스트 EPZ4VP2710,"14,630원"
https://www.lotteon.com/p/product/LE1205538255?sitmNo=LE1205538255_1230343602&mall_no=1&dp_infw_cd=CASec10200001,LE1205538255,https://red.lotteon.com/goodsdetail?view=type1-raw&model=itemdetail%2FLE%2F12%2F05%2F53%2F82%2F55%2FDSCRP_LE1205538255,https://contents.lotteon.com/itemimage/_v004709/LE/12/05/53/82/55/_1/23/03/43/60/2/LE1205538255_1230343602_1.jpg/dims/resizemc/360x360,지오다노,여 슬림 스트레이트 핏 데님 410932,"32,760원"
https://www.lotteon.com/p/product/LE1205429590?sitmNo=LE1205429590_1229703659&mall_no=1&dp_infw_cd=CASec10200001,LE1205429590,https://red.lotteon.com/goodsdetail?view=type1-raw&model=itemdetail%2FLE%2F12%2F05%2F42%2F95%2F90%2FDSCRP_LE1205429590,https://contents.lotteon.com/itemimage/_v065749/LE/12/05/42/95/90/_1/22/97/03/65/9/LE1205429590_1229703659_1.jpg/dims/resizemc/360x360,앤드지,by지오지아 19 F/W 발열내의 히트택 온에어,"4,150원"
https://www.lotteon.com/p/product/LE1204397575?sitmNo=LE1204397575_1223649777&mall_no=1&dp_infw_cd=CASec10200001,LE1204397575,https://red.lotteon.com/goodsdetail?view=type1-raw&model=itemdetail%2FLE%2F12%2F04%2F39%2F75%2F75%2FDSCRP_LE1204397575,https://contents.lotteon.com/itemimage/_v201226/LE/12/04/39/75/75/_1/22/36/49/77/7/LE1204397575_1223649777_1.jpg/dims/resizemc/360x360,예작,20년 정장속 긴팔 슬림셔츠&일반셔츠 모음전25종(사은양말),"22,800원"
https://www.lotteon.com/p/product/LE1205873446?sitmNo=LE1205873446_1232178965&mall_no=1&dp_infw_cd=CASec10200001,LE1205873446,https://red.lotteon.com/goodsdetail?view=type1-raw&model=itemdetail%2FLE%2F12%2F05%2F87%2F34%2F46%2FDSCRP_LE1205873446,https://contents.lotteon.com/itemimage/_v214743/LE/12/05/87/34/46/_1/23/21/78/96/5/LE1205873446_1232178965_1.jpg/dims/resizemc/360x360,아디다스,인기의류 13종 택 1,"27,600원"
https://www.lotteon.com/p/product/LE1200796043?sitmNo=LE1200796043_1202608567&mall_no=1&dp_infw_cd=CASec10200001,LE1200796043,https://red.lotteon.com/goodsdetail?view=type1-raw&model=itemdetail%2FLE%2F12%2F00%2F79%2F60%2F43%2FDSCRP_LE1200796043,https://contents.lotteon.com/itemimage/_v074652/LE/12/00/79/60/43/_1/20/26/08/56/7/LE1200796043_1202608567_1.jpg/dims/resizemc/360x360,레노마,20년FW가을긴팔드레스셔츠슬림핏일반핏30종,"35,000원"
https://www.lotteon.com/p/product/LE1205301884?sitmNo=LE1205301884_1228978833&mall_no=1&dp_infw_cd=CASec10200001,LE1205301884,https://red.lotteon.com/goodsdetail?view=type1-raw&model=itemdetail%2FLE%2F12%2F05%2F30%2F18%2F84%2FDSCRP_LE1205301884,https://contents.lotteon.com/itemimage/_v034553/LE/12/05/30/18/84/_1/22/89/78/83/3/LE1205301884_1228978833_1.jpg/dims/resizemc/360x360,휠라,크레마 보아 플리스 자켓 5종 택1 (FS2PLC4101X_SKU),"53,100원"
https://www.lotteon.com/p/product/PD4498705?mall_no=1&dp_infw_cd=CASec10200001,LE1205283812,http://red.lotteon.com/goodsdetail?view=type1-raw&model=itemdetail%2FLE%2F12%2F05%2F28%2F38%2F12%2FDSCRP_LE1205283812,https://contents.lotteon.com/itemimage/_v213410/LE/12/05/28/38/12/_1/22/88/92/48/8/LE1205283812_1228892488_1.jpg/dims/resizemc/360x360,테이트,남여공용 3PACK 무지 반팔티셔츠 (KA9FS-UKS011),"7,920원"
https://www.lotteon.com/p/product/PD1556897?mall_no=1&dp_infw_cd=CASec10200001,LE1200240084,http://red.lotteon.com/goodsdetail?view=type1-raw&model=itemdetail%2FLE%2F12%2F00%2F24%2F00%2F84%2FDSCRP_LE1200240084,https://contents.lotteon.com/itemimage/_v043525/LE/12/00/24/00/84/_1/04/85/46/52/4/LE1200240084_1048546524_1.jpg/dims/resizemc/360x360,나이키,써마 스피어 풀집 후디 재킷 932035-010,"82,560원"
https://www.lotteon.com/p/product/LE1203490646?sitmNo=LE1203490646_1218252288&mall_no=1&dp_infw_cd=CASec10200001,LE1203490646,https://red.lotteon.com/goodsdetail?view=type1-raw&model=itemdetail%2FLE%2F12%2F03%2F49%2F06%2F46%2FDSCRP_LE1203490646,https://contents.lotteon.com/itemimage/_v054753/LE/12/03/49/06/46/_1/21/82/52/28/8/LE1203490646_1218252288_1.jpg/dims/resizemc/360x360,폴햄,공용_사계절 긴팔 브이넥 티셔츠(PHA5TR3940),"7,530원"
https://www.lotteon.com/p/product/LE1205538315?sitmNo=LE1205538315_1230344244&mall_no=1&dp_infw_cd=CASec10200001,LE1205538315,https://red.lotteon.com/goodsdetail?view=type1-raw&model=itemdetail%2FLE%2F12%2F05%2F53%2F83%2F15%2FDSCRP_LE1205538315,https://contents.lotteon.com/itemimage/_v223811/LE/12/05/53/83/15/_1/23/03/44/24/4/LE1205538315_1230344244_1.jpg/dims/resizemc/360x360,지오다노,남 옥스포드 셔츠 040904,"21,750원"
https://www.lotteon.com/p/product/PD5414927?mall_no=1&dp_infw_cd=CASec10200001,LE1200240084,http://red.lotteon.com/goodsdetail?view=type1-raw&model=itemdetail%2FLE%2F12%2F00%2F24%2F00%2F84%2FDSCRP_LE1200240084,https://contents.lotteon.com/itemimage/_v043529/LE/12/00/24/00/84/_1/23/15/51/76/4/LE1200240084_1231551764_1.jpg/dims/resizemc/360x360,나이키,써마 스피어 풀집 후디 재킷 932035-010,"82,560원"
https://www.lotteon.com/p/product/LO1366260339?sitmNo=LO1366260339_1366260340&mall_no=1&dp_infw_cd=CASec10200001,LO1366260339,https://red.lotteon.com/goodsdetail?view=type1-raw&model=itemdetail%2FLO%2F13%2F66%2F26%2F03%2F39%2FDSCRP_LO1366260339,https://contents.lotteon.com/itemimage/LO/13/66/26/03/39/_1/36/62/60/34/0/LO1366260339_1366260340_1.jpg/dims/resizemc/360x360,나이키,클럽 TF 라운드 맨투맨 AA3178-010 / AA3178-063,"35,000원"
https://www.lotteon.com/p/product/LE1205129821?sitmNo=LE1205129821_1227988368&mall_no=1&dp_infw_cd=CASec10200001,LE1205129821,https://red.lotteon.com/goodsdetail?view=type1-raw&model=itemdetail%2FLE%2F12%2F05%2F12%2F98%2F21%2FDSCRP_LE1205129821,https://contents.lotteon.com/itemimage/_v011031/LE/12/05/12/98/21/_1/22/79/88/36/8/LE1205129821_1227988368_1.jpg/dims/resizemc/360x360,시리즈,[series] 캐시미어 블랜드 카라 울니트 3종 3컬러,"79,600원"
https://www.lotteon.com/p/product/LO1383591328?sitmNo=LO1383591328_1383591329&mall_no=1&dp_infw_cd=CASec10200001,LO1383591328,https://red.lotteon.com/goodsdetail?view=type1-raw&model=itemdetail%2FLO%2F13%2F83%2F59%2F13%2F28%2FDSCRP_LO1383591328,https://contents.lotteon.com/itemimage/_v181849/LO/13/83/59/13/28/_1/38/35/91/32/9/LO1383591328_1383591329_1.jpg/dims/resizemc/360x360,헤지스,"[혜택가 49,290원]퍼피자수 면혼방 긴팔폴로티셔츠 5종 택1","58,870원"
https://www.lotteon.com/p/product/LE1203676796?sitmNo=LE1203676796_1219184121&mall_no=1&dp_infw_cd=CASec10200001,LE1203676796,https://red.lotteon.com/goodsdetail?view=type1-raw&model=itemdetail%2FLE%2F12%2F03%2F67%2F67%2F96%2FDSCRP_LE1203676796,https://contents.lotteon.com/itemimage/LE/12/03/67/67/96/_1/21/91/84/12/1/LE1203676796_1219184121_1.jpg/dims/resizemc/360x360,폴햄,공용_브이넥 보아 베스트(PHA1TC3110),"11,400원"
https://www.lotteon.com/p/product/LO1000349864?sitmNo=LO1000349864_1000349871&mall_no=1&dp_infw_cd=CASec10200001,LO1000349864,https://red.lotteon.com/goodsdetail?view=type1-raw&model=itemdetail%2FLO%2F10%2F00%2F34%2F98%2F64%2FDSCRP_LO1000349864,https://contents.lotteon.com/itemimage/LO/10/00/34/98/64/_1/00/03/49/87/1/LO1000349864_1000349871_1.jpg/dims/resizemc/360x360,르젠옴므,르젠 마약 울트라스판 히든밴딩 면바지(LNPM408NJ),"16,020원"
https://www.lotteon.com/p/product/LE1205605105?sitmNo=LE1205605105_1230718203&mall_no=1&dp_infw_cd=CASec10200001,LE1205605105,https://red.lotteon.com/goodsdetail?view=type1-raw&model=itemdetail%2FLE%2F12%2F05%2F60%2F51%2F05%2FDSCRP_LE1205605105,https://contents.lotteon.com/itemimage/_v125156/LE/12/05/60/51/05/_1/23/07/18/20/3/LE1205605105_1230718203_1.jpg/dims/resizemc/360x360,노스페이스화이트라벨,공용 리모 이엑스 플리스 자켓(온라인전용EX) NJ4FL64,"126,540원"
https://www.lotteon.com/p/product/LE1205422609?sitmNo=LE1205422609_1229668153&mall_no=1&dp_infw_cd=CASec10200001,LE1205422609,https://red.lotteon.com/goodsdetail?view=type1-raw&model=itemdetail%2FLE%2F12%2F05%2F42%2F26%2F09%2FDSCRP_LE1205422609,https://contents.lotteon.com/itemimage/_v004706/LE/12/05/42/26/09/_1/22/96/68/15/3/LE1205422609_1229668153_1.jpg/dims/resizemc/360x360,레노마,잠실점 2020 가을드레스 슬림&일반핏 긴팔셔츠20가지,"26,250원"
https://www.lotteon.com/p/product/LE1205760071?sitmNo=LE1205760071_1231599238&mall_no=1&dp_infw_cd=CASec10200001,LE1205760071,https://red.lotteon.com/goodsdetail?view=type1-raw&model=itemdetail%2FLE%2F12%2F05%2F76%2F00%2F71%2FDSCRP_LE1205760071,https://contents.lotteon.com/itemimage/_v181706/LE/12/05/76/00/71/_1/23/15/99/23/8/LE1205760071_1231599238_1.jpg/dims/resizemc/360x360,노스페이스화이트라벨,공용 리모 플리스 자켓 NJ4FL50,"133,200원"
https://www.lotteon.com/p/product/LE1205413835?sitmNo=LE1205413835_1229622955&mall_no=1&dp_infw_cd=CASec10200001,LE1205413835,https://red.lotteon.com/goodsdetail?view=type1-raw&model=itemdetail%2FLE%2F12%2F05%2F41%2F38%2F35%2FDSCRP_LE1205413835,https://contents.lotteon.com/itemimage/LE/12/05/41/38/35/_1/22/96/22/95/5/LE1205413835_1229622955_1.jpg/dims/resizemc/360x360,엠폴햄,남성 브이넥 구스 경량 베스트 EPA5VP1911,"19,180원"
https://www.lotteon.com/p/product/PD2095048?mall_no=1&dp_infw_cd=CASec10200001,LE1203295144,http://red.lotteon.com/goodsdetail?view=type1-raw&model=itemdetail%2FLE%2F12%2F03%2F29%2F51%2F44%2FDSCRP_LE1203295144,https://contents.lotteon.com/itemimage/LE/12/03/29/51/44/_1/21/72/56/66/2/LE1203295144_1217256662_1.jpg/dims/resizemc/360x360,티비제이,남여공용 AD 맥스롱기장 후드리얼다운 점퍼 T184DW020P,"36,000원"
https://www.lotteon.com/p/product/LE1205468306?sitmNo=LE1205468306_1229931397&mall_no=1&dp_infw_cd=CASec10200001,LE1205468306,https://red.lotteon.com/goodsdetail?view=type1-raw&model=itemdetail%2FLE%2F12%2F05%2F46%2F83%2F06%2FDSCRP_LE1205468306,https://contents.lotteon.com/itemimage/_v042454/LE/12/05/46/83/06/_1/22/99/31/39/7/LE1205468306_1229931397_1.jpg/dims/resizemc/360x360,올젠,초경량 구스다운 베스트 모음 ZOZ4VP1301,"26,950원"
https://www.lotteon.com/p/product/LE1203464684?sitmNo=LE1203464684_1218102327&mall_no=1&dp_infw_cd=CASec10200001,LE1203464684,https://red.lotteon.com/goodsdetail?view=type1-raw&model=itemdetail%2FLE%2F12%2F03%2F46%2F46%2F84%2FDSCRP_LE1203464684,https://contents.lotteon.com/itemimage/_v054015/LE/12/03/46/46/84/_1/21/81/02/32/7/LE1203464684_1218102327_1.jpg/dims/resizemc/360x360,컨셉원,남성 TR 슬림핏 슬랙스 (10110101),"29,250원"
https://www.lotteon.com/p/product/LE1205660450?sitmNo=LE1205660450_1231010472&mall_no=1&dp_infw_cd=CASec10200001,LE1205660450,https://red.lotteon.com/goodsdetail?view=type1-raw&model=itemdetail%2FLE%2F12%2F05%2F66%2F04%2F50%2FDSCRP_LE1205660450,https://contents.lotteon.com/itemimage/_v221628/LE/12/05/66/04/50/_1/23/10/10/47/2/LE1205660450_1231010472_1.jpg/dims/resizemc/360x360,지오다노,남 언브러쉬드 테리 크루넥 020510,"19,100원"
https://www.lotteon.com/p/product/PD4456883?mall_no=1&dp_infw_cd=CASec10200001,LE1205345070,http://red.lotteon.com/goodsdetail?view=type1-raw&model=itemdetail%2FLE%2F12%2F05%2F34%2F50%2F70%2FDSCRP_LE1205345070,https://contents.lotteon.com/itemimage/_v063439/LE/12/05/34/50/70/_1/22/92/20/25/4/LE1205345070_1229220254_1.jpg/dims/resizemc/360x360,캉골,클럽 스웨트셔츠 1635 블랙,"61,200원"
https://www.lotteon.com/p/product/LE1204502160?sitmNo=LE1204502160_1224308620&mall_no=1&dp_infw_cd=CASec10200001,LE1204502160,https://red.lotteon.com/goodsdetail?view=type1-raw&model=itemdetail%2FLE%2F12%2F04%2F50%2F21%2F60%2FDSCRP_LE1204502160,https://contents.lotteon.com/itemimage/_v215623/LE/12/04/50/21/60/_1/22/43/08/62/0/LE1204502160_1224308620_1.jpg/dims/resizemc/360x360,에스티듀퐁,8종택1)샵매니저가 엄선한 긴소매 슬림핏&일반핏,"40,180원"
https://www.lotteon.com/p/product/LE1205585236?sitmNo=LE1205585236_1230597187&mall_no=1&dp_infw_cd=CASec10200001,LE1205585236,https://red.lotteon.com/goodsdetail?view=type1-raw&model=itemdetail%2FLE%2F12%2F05%2F58%2F52%2F36%2FDSCRP_LE1205585236,https://contents.lotteon.com/itemimage/_v222617/LE/12/05/58/52/36/_1/23/05/97/18/7/LE1205585236_1230597187_1.jpg/dims/resizemc/360x360,지오다노,남 버튼다운 옥스포드 셔츠(솔리드) 040301S,"10,640원"
https://www.lotteon.com/p/product/LE1205522646?sitmNo=LE1205522646_1230252342&mall_no=1&dp_infw_cd=CASec10200001,LE1205522646,https://red.lotteon.com/goodsdetail?view=type1-raw&model=itemdetail%2FLE%2F12%2F05%2F52%2F26%2F46%2FDSCRP_LE1205522646,https://contents.lotteon.com/itemimage/_v020643/LE/12/05/52/26/46/_1/23/02/52/34/2/LE1205522646_1230252342_1.jpg/dims/resizemc/360x360,휠라,성인 팝콘 보아 플리스 자켓(FS2PLC4104X),"79,200원"
https://www.lotteon.com/p/product/LE1204602117?sitmNo=LE1204602117_1224850545&mall_no=1&dp_infw_cd=CASec10200001,LE1204602117,https://red.lotteon.com/goodsdetail?view=type1-raw&model=itemdetail%2FLE%2F12%2F04%2F60%2F21%2F17%2FDSCRP_LE1204602117,https://contents.lotteon.com/itemimage/_v000749/LE/12/04/60/21/17/_1/22/48/50/54/5/LE1204602117_1224850545_1.jpg/dims/resizemc/360x360,예작,멋쟁이 가을 긴소매 베스트 슬림핏 20종 모음전,"22,800원"
https://www.lotteon.com/p/product/LE1001720539?sitmNo=LE1001720539_1010176901&mall_no=1&dp_infw_cd=CASec10200001,LE1001720539,https://red.lotteon.com/goodsdetail?view=type1-raw&model=itemdetail%2FLE%2F10%2F01%2F72%2F05%2F39%2FDSCRP_LE1001720539,https://contents.lotteon.com/itemimage/_v042823/LE/10/01/72/05/39/_1/01/01/76/90/1/LE1001720539_1010176901_1.jpg/dims/resizemc/360x360,플랙,Berlin 051 New Up RAW(PJOG1BE051E),"78,440원"
https://www.lotteon.com/p/product/LE1205862442?sitmNo=LE1205862442_1232119553&mall_no=1&dp_infw_cd=CASec10200001,LE1205862442,https://red.lotteon.com/goodsdetail?view=type1-raw&model=itemdetail%2FLE%2F12%2F05%2F86%2F24%2F42%2FDSCRP_LE1205862442,https://contents.lotteon.com/itemimage/_v235653/LE/12/05/86/24/42/_1/23/21/19/55/3/LE1205862442_1232119553_1.jpg/dims/resizemc/360x360,올젠,울 캐시미어 혼방 코트 ZPA4CG1501,"75,240원"
https://www.lotteon.com/p/product/PD4395188?mall_no=1&dp_infw_cd=CASec10200001,LE1205339867,http://red.lotteon.com/goodsdetail?view=type1-raw&model=itemdetail%2FLE%2F12%2F05%2F33%2F98%2F67%2FDSCRP_LE1205339867,https://contents.lotteon.com/itemimage/_v014952/LE/12/05/33/98/67/_1/22/91/83/71/4/LE1205339867_1229183714_1.jpg/dims/resizemc/360x360,올젠,뉴테라 푸퍼다운ZPA4FP1503,"75,240원"
https://www.lotteon.com/p/product/LE1205351573?sitmNo=LE1205351573_1229254386&mall_no=1&dp_infw_cd=CASec10200001,LE1205351573,https://red.lotteon.com/goodsdetail?view=type1-raw&model=itemdetail%2FLE%2F12%2F05%2F35%2F15%2F73%2FDSCRP_LE1205351573,https://contents.lotteon.com/itemimage/_v234709/LE/12/05/35/15/73/_1/22/92/54/38/6/LE1205351573_1229254386_1.jpg/dims/resizemc/360x360,노스페이스화이트라벨,공용 리모 플리스 자켓 NJ4FL55,"133,200원"
https://www.lotteon.com/p/product/LE1205598492?sitmNo=LE1205598492_1230674784&mall_no=1&dp_infw_cd=CASec10200001,LE1205598492,https://red.lotteon.com/goodsdetail?view=type1-raw&model=itemdetail%2FLE%2F12%2F05%2F59%2F84%2F92%2FDSCRP_LE1205598492,https://contents.lotteon.com/itemimage/LE/12/05/59/84/92/_1/23/06/74/78/4/LE1205598492_1230674784_1.jpg/dims/resizemc/360x360,지오다노,남 크루넥 긴팔 티셔츠 020501,"7,800원"
https://www.lotteon.com/p/product/LE1205554345?sitmNo=LE1205554345_1230428382&mall_no=1&dp_infw_cd=CASec10200001,LE1205554345,https://red.lotteon.com/goodsdetail?view=type1-raw&model=itemdetail%2FLE%2F12%2F05%2F55%2F43%2F45%2FDSCRP_LE1205554345,https://contents.lotteon.com/itemimage/_v042419/LE/12/05/55/43/45/_1/23/04/28/38/2/LE1205554345_1230428382_1.jpg/dims/resizemc/360x360,올젠,솔리드 리플 티에리 ZPA3TT1501,"29,640원"
https://www.lotteon.com/p/product/LE1205713552?sitmNo=LE1205713552_1231313816&mall_no=1&dp_infw_cd=CASec10200001,LE1205713552,https://red.lotteon.com/goodsdetail?view=type1-raw&model=itemdetail%2FLE%2F12%2F05%2F71%2F35%2F52%2FDSCRP_LE1205713552,https://contents.lotteon.com/itemimage/LE/12/05/71/35/52/_1/23/13/13/81/6/LE1205713552_1231313816_1.jpg/dims/resizemc/360x360,지오다노,남 셔츠 타입 경량 패딩 070910,"55,150원"
https://www.lotteon.com/p/product/LE1205637623?sitmNo=LE1205637623_1230873282&mall_no=1&dp_infw_cd=CASec10200001,LE1205637623,https://red.lotteon.com/goodsdetail?view=type1-raw&model=itemdetail%2FLE%2F12%2F05%2F63%2F76%2F23%2FDSCRP_LE1205637623,https://contents.lotteon.com/itemimage/LE/12/05/63/76/23/_1/23/08/73/28/2/LE1205637623_1230873282_1.jpg/dims/resizemc/360x360,지오다노,남 클래식 맨투맨 020510,"15,400원"
https://www.lotteon.com/p/product/LE1205412062?sitmNo=LE1205412062_1229613890&mall_no=1&dp_infw_cd=CASec10200001,LE1205412062,https://red.lotteon.com/goodsdetail?view=type1-raw&model=itemdetail%2FLE%2F12%2F05%2F41%2F20%2F62%2FDSCRP_LE1205412062,https://contents.lotteon.com/itemimage/_v212541/LE/12/05/41/20/62/_1/22/96/13/89/0/LE1205412062_1229613890_1.jpg/dims/resizemc/360x360,노스페이스화이트라벨,공용 컴피 플리스 집업 NJ4FL58,"83,600원"
https://www.lotteon.com/p/product/PD4419705?mall_no=1&dp_infw_cd=CASec10200001,LE1205343373,http://red.lotteon.com/goodsdetail?view=type1-raw&model=itemdetail%2FLE%2F12%2F05%2F34%2F33%2F73%2FDSCRP_LE1205343373,https://contents.lotteon.com/itemimage/_v063504/LE/12/05/34/33/73/_1/22/92/09/69/2/LE1205343373_1229209692_1.jpg/dims/resizemc/360x360,시리즈,[series;]어번 케시미어 혼방 체크 코트(SACAW19501NYD),"279,600원"
https://www.lotteon.com/p/product/LE1203815417?sitmNo=LE1203815417_1220071885&mall_no=1&dp_infw_cd=CASec10200001,LE1203815417,https://red.lotteon.com/goodsdetail?view=type1-raw&model=itemdetail%2FLE%2F12%2F03%2F81%2F54%2F17%2FDSCRP_LE1203815417,https://contents.lotteon.com/itemimage/_v070720/LE/12/03/81/54/17/_1/22/00/71/88/5/LE1203815417_1220071885_1.jpg/dims/resizemc/360x360,에스티듀퐁,8종택1)샵매니저가 엄선한 긴소매 슬림핏&일반핏,"38,710원"
https://www.lotteon.com/p/product/LE1203102993?sitmNo=LE1203102993_1216235302&mall_no=1&dp_infw_cd=CASec10200001,LE1203102993,https://red.lotteon.com/goodsdetail?view=type1-raw&model=itemdetail%2FLE%2F12%2F03%2F10%2F29%2F93%2FDSCRP_LE1203102993,https://contents.lotteon.com/itemimage/_v232633/LE/12/03/10/29/93/_1/21/62/35/30/2/LE1203102993_1216235302_1.jpg/dims/resizemc/360x360,지오다노,공용 코튼 져지 크루넥 3PCS 패키지 243801,"15,250원"
https://www.lotteon.com/p/product/LE1205840120?sitmNo=LE1205840120_1231998311&mall_no=1&dp_infw_cd=CASec10200001,LE1205840120,https://red.lotteon.com/goodsdetail?view=type1-raw&model=itemdetail%2FLE%2F12%2F05%2F84%2F01%2F20%2FDSCRP_LE1205840120,https://contents.lotteon.com/itemimage/_v082640/LE/12/05/84/01/20/_1/23/19/98/31/1/LE1205840120_1231998311_1.jpg/dims/resizemc/360x360,티비제이,남여공용 안감 플리스 후드집업 T194TJ981P,"13,600원"
https://www.lotteon.com/p/product/LE1205216285?sitmNo=LE1205216285_1228490013&mall_no=1&dp_infw_cd=CASec10200001,LE1205216285,https://red.lotteon.com/goodsdetail?view=type1-raw&model=itemdetail%2FLE%2F12%2F05%2F21%2F62%2F85%2FDSCRP_LE1205216285,https://contents.lotteon.com/itemimage/_v104653/LE/12/05/21/62/85/_1/22/84/90/01/3/LE1205216285_1228490013_1.jpg/dims/resizemc/360x360,아디다스 오리지널스,모던 유로파 트랙팬츠 GJ6745,"48,600원"
https://www.lotteon.com/p/product/LE1205659858?sitmNo=LE1205659858_1231006777&mall_no=1&dp_infw_cd=CASec10200001,LE1205659858,https://red.lotteon.com/goodsdetail?view=type1-raw&model=itemdetail%2FLE%2F12%2F05%2F65%2F98%2F58%2FDSCRP_LE1205659858,https://contents.lotteon.com/itemimage/_v234636/LE/12/05/65/98/58/_1/23/10/06/77/7/LE1205659858_1231006777_1.jpg/dims/resizemc/360x360,엠폴햄,여성 히트택 목폴라 티셔츠 EPZ4US2702,"7,700원"
https://www.lotteon.com/p/product/LE1205580041?sitmNo=LE1205580041_1230577019&mall_no=1&dp_infw_cd=CASec10200001,LE1205580041,https://red.lotteon.com/goodsdetail?view=type1-raw&model=itemdetail%2FLE%2F12%2F05%2F58%2F00%2F41%2FDSCRP_LE1205580041,https://contents.lotteon.com/itemimage/_v002105/LE/12/05/58/00/41/_1/23/05/77/01/9/LE1205580041_1230577019_1.jpg/dims/resizemc/360x360,폴햄,공용 스트라이프 크루넥 긴팔 티셔츠(PHA3TR1230),"11,330원"
https://www.lotteon.com/p/product/LE1205687623?sitmNo=LE1205687623_1231164113&mall_no=1&dp_infw_cd=CASec10200001,LE1205687623,https://red.lotteon.com/goodsdetail?view=type1-raw&model=itemdetail%2FLE%2F12%2F05%2F68%2F76%2F23%2FDSCRP_LE1205687623,https://contents.lotteon.com/itemimage/_v031751/LE/12/05/68/76/23/_1/23/11/64/11/3/LE1205687623_1231164113_1.jpg/dims/resizemc/360x360,폴햄,공용_데일리 무지 후드 티셔츠(PHA1TH3010),"11,400원"
https://www.lotteon.com/p/product/LE1205742045?sitmNo=LE1205742045_1231497693&mall_no=1&dp_infw_cd=CASec10200001,LE1205742045,https://red.lotteon.com/goodsdetail?view=type1-raw&model=itemdetail%2FLE%2F12%2F05%2F74%2F20%2F45%2FDSCRP_LE1205742045,https://contents.lotteon.com/itemimage/_v104717/LE/12/05/74/20/45/_1/23/14/97/69/3/LE1205742045_1231497693_1.jpg/dims/resizemc/360x360,빈폴,F/W 베이지 디테처블 경량 다운 코트(BC9930A18A),"240,540원"
https://www.lotteon.com/p/product/LE1205709669?sitmNo=LE1205709669_1231291095&mall_no=1&dp_infw_cd=CASec10200001,LE1205709669,https://red.lotteon.com/goodsdetail?view=type1-raw&model=itemdetail%2FLE%2F12%2F05%2F70%2F96%2F69%2FDSCRP_LE1205709669,https://contents.lotteon.com/itemimage/_v195140/LE/12/05/70/96/69/_1/23/12/91/09/5/LE1205709669_1231291095_1.jpg/dims/resizemc/360x360,지오다노,여 크루넥 경량 다운 자켓 370905,"47,250원"
https://www.lotteon.com/p/product/LE1205636843?sitmNo=LE1205636843_1230869499&mall_no=1&dp_infw_cd=CASec10200001,LE1205636843,https://red.lotteon.com/goodsdetail?view=type1-raw&model=itemdetail%2FLE%2F12%2F05%2F63%2F68%2F43%2FDSCRP_LE1205636843,https://contents.lotteon.com/itemimage/_v085718/LE/12/05/63/68/43/_1/23/08/69/49/9/LE1205636843_1230869499_1.jpg/dims/resizemc/360x360,지오다노,남 크루넥 긴팔 면티 020501,"9,860원"
https://www.lotteon.com/p/product/LE1205486273?sitmNo=LE1205486273_1230049270&mall_no=1&dp_infw_cd=CASec10200001,LE1205486273,https://red.lotteon.com/goodsdetail?view=type1-raw&model=itemdetail%2FLE%2F12%2F05%2F48%2F62%2F73%2FDSCRP_LE1205486273,https://contents.lotteon.com/itemimage/_v220647/LE/12/05/48/62/73/_1/23/00/49/27/0/LE1205486273_1230049270_1.jpg/dims/resizemc/360x360,올젠,남녀공용 F/W  플리스 점퍼 5종 택1 (ZOZ4TC1308),"29,640원"
https://www.lotteon.com/p/product/LO1001273387?sitmNo=LO1001273387_1001273388&mall_no=1&dp_infw_cd=CASec10200001,LO1001273387,https://red.lotteon.com/goodsdetail?view=type1-raw&model=itemdetail%2FLO%2F10%2F01%2F27%2F33%2F87%2FDSCRP_LO1001273387,https://contents.lotteon.com/itemimage/_v122723/LO/10/01/27/33/87/_1/00/12/73/38/8/LO1001273387_1001273388_1.jpg/dims/resizemc/360x360,지오다노,[] 119551 드로스트링 조거 팬츠(솔리드),"10,220원"
https://www.lotteon.com/p/product/LE1205657555?sitmNo=LE1205657555_1230994390&mall_no=1&dp_infw_cd=CASec10200001,LE1205657555,https://red.lotteon.com/goodsdetail?view=type1-raw&model=itemdetail%2FLE%2F12%2F05%2F65%2F75%2F55%2FDSCRP_LE1205657555,https://contents.lotteon.com/itemimage/_v215728/LE/12/05/65/75/55/_1/23/09/94/39/0/LE1205657555_1230994390_1.jpg/dims/resizemc/360x360,클라이드,유니 8컬러 무지맨투맨 CKATS111U,"7,920원"
https://www.lotteon.com/p/product/LO1383618164?sitmNo=LO1383618164_1383618165&mall_no=1&dp_infw_cd=CASec10200001,LO1383618164,https://red.lotteon.com/goodsdetail?view=type1-raw&model=itemdetail%2FLO%2F13%2F83%2F61%2F81%2F64%2FDSCRP_LO1383618164,https://contents.lotteon.com/itemimage/LO/13/83/61/81/64/_1/38/36/18/16/5/LO1383618164_1383618165_1.jpg/dims/resizemc/360x360,타미힐피거,기모 맨투맨 5종 택1,"42,300원"
https://www.lotteon.com/p/product/LE1204826092?sitmNo=LE1204826092_1226234515&mall_no=1&dp_infw_cd=CASec10200001,LE1204826092,https://red.lotteon.com/goodsdetail?view=type1-raw&model=itemdetail%2FLE%2F12%2F04%2F82%2F60%2F92%2FDSCRP_LE1204826092,https://contents.lotteon.com/itemimage/_v054541/LE/12/04/82/60/92/_1/22/62/34/51/5/LE1204826092_1226234515_1.jpg/dims/resizemc/360x360,지오다노,남 코튼 져지 크루넥 3pcs 패키지 243801,"15,250원"
https://www.lotteon.com/p/product/LE1205414320?sitmNo=LE1205414320_1229626285&mall_no=1&dp_infw_cd=CASec10200001,LE1205414320,https://red.lotteon.com/goodsdetail?view=type1-raw&model=itemdetail%2FLE%2F12%2F05%2F41%2F43%2F20%2FDSCRP_LE1205414320,https://contents.lotteon.com/itemimage/_v135854/LE/12/05/41/43/20/_1/22/96/26/28/5/LE1205414320_1229626285_1.jpg/dims/resizemc/360x360,올젠,2019 F/W  남성 캐시미어 혼방 터틀넥 4종 택1 (ZPZ4EU1901),"32,760원"
https://www.lotteon.com/p/product/LO1000638666?sitmNo=LO1000638666_1000638667&mall_no=1&dp_infw_cd=CASec10200001,LO1000638666,https://red.lotteon.com/goodsdetail?view=type1-raw&model=itemdetail%2FLO%2F10%2F00%2F63%2F86%2F66%2FDSCRP_LO1000638666,https://contents.lotteon.com/itemimage/LO/10/00/63/86/66/_1/00/06/38/66/7/LO1000638666_1000638667_1.jpg/dims/resizemc/360x360,엘라모,[온세상쿠폰]무료배송 3M 무지 맨투맨 남녀공용 S~4X,"18,810원"
https://www.lotteon.com/p/product/LE1205641981?sitmNo=LE1205641981_1230900438&mall_no=1&dp_infw_cd=CASec10200001,LE1205641981,https://red.lotteon.com/goodsdetail?view=type1-raw&model=itemdetail%2FLE%2F12%2F05%2F64%2F19%2F81%2FDSCRP_LE1205641981,https://contents.lotteon.com/itemimage/_v014556/LE/12/05/64/19/81/_1/23/09/00/43/8/LE1205641981_1230900438_1.jpg/dims/resizemc/360x360,게스 진,유니 미니 루즈핏 HOODY(MJ3K9472),"22,800원"
https://www.lotteon.com/p/product/LE1200910705?sitmNo=LE1200910705_1203280634&mall_no=1&dp_infw_cd=CASec10200001,LE1200910705,https://red.lotteon.com/goodsdetail?view=type1-raw&model=itemdetail%2FLE%2F12%2F00%2F91%2F07%2F05%2FDSCRP_LE1200910705,https://contents.lotteon.com/itemimage/_v061923/LE/12/00/91/07/05/_1/20/32/80/63/4/LE1200910705_1203280634_1.jpg/dims/resizemc/360x360,레노마,20년가을구김적은스판긴팔드레스셔츠캐주얼남방25종,"35,000원"
https://www.lotteon.com/p/product/LE1205641981?sitmNo=LE1205641981_1230900447&mall_no=1&dp_infw_cd=CASec10200001,LE1205641981,https://red.lotteon.com/goodsdetail?view=type1-raw&model=itemdetail%2FLE%2F12%2F05%2F64%2F19%2F81%2FDSCRP_LE1205641981,https://contents.lotteon.com/itemimage/_v064042/LE/12/05/64/19/81/_1/23/09/00/44/7/LE1205641981_1230900447_1.jpg/dims/resizemc/360x360,게스 진,유니 미니 루즈핏 HOODY(MJ3K9472),"22,800원"
https://www.lotteon.com/p/product/LE1204694443?sitmNo=LE1204694443_1225414146&mall_no=1&dp_infw_cd=CASec10200001,LE1204694443,https://red.lotteon.com/goodsdetail?view=type1-raw&model=itemdetail%2FLE%2F12%2F04%2F69%2F44%2F43%2FDSCRP_LE1204694443,https://contents.lotteon.com/itemimage/_v063059/LE/12/04/69/44/43/_1/22/54/14/14/6/LE1204694443_1225414146_1.jpg/dims/resizemc/360x360,레노마,2020  가을 드레스캐주얼 긴팔셔츠 20가지 중택1,"28,350원"
https://www.lotteon.com/p/product/LE1204374867?sitmNo=LE1204374867_1223513002&mall_no=1&dp_infw_cd=CASec10200001,LE1204374867,https://red.lotteon.com/goodsdetail?view=type1-raw&model=itemdetail%2FLE%2F12%2F04%2F37%2F48%2F67%2FDSCRP_LE1204374867,https://contents.lotteon.com/itemimage/_v062606/LE/12/04/37/48/67/_1/22/35/13/00/2/LE1204374867_1223513002_1.jpg/dims/resizemc/360x360,타미힐피거,면폴리혼방 솔리드 집업가디건 T12A0KCD440MT2,"106,920원"
https://www.lotteon.com/p/product/LE1205875044?sitmNo=LE1205875044_1232187561&mall_no=1&dp_infw_cd=CASec10200001,LE1205875044,https://red.lotteon.com/goodsdetail?view=type1-raw&model=itemdetail%2FLE%2F12%2F05%2F87%2F50%2F44%2FDSCRP_LE1205875044,https://contents.lotteon.com/itemimage/_v021443/LE/12/05/87/50/44/_1/23/21/87/56/1/LE1205875044_1232187561_1.jpg/dims/resizemc/360x360,앤드지,20 F/W by지오지아 이모션 이지케어 버튼다운 캐주얼 셔츠 8종 택1,"14,820원"
https://www.lotteon.com/p/product/LE1205755653?sitmNo=LE1205755653_1231573131&mall_no=1&dp_infw_cd=CASec10200001,LE1205755653,https://red.lotteon.com/goodsdetail?view=type1-raw&model=itemdetail%2FLE%2F12%2F05%2F75%2F56%2F53%2FDSCRP_LE1205755653,https://contents.lotteon.com/itemimage/_v235627/LE/12/05/75/56/53/_1/23/15/73/13/1/LE1205755653_1231573131_1.jpg/dims/resizemc/360x360,에디션앤드지,레이어드 카라 니트 2color NEA1EV1601,"28,350원"
